id, first_name, last_name,full_name,email,gender,ip_address,age,82,Reggi, Danev, Reggi Danev, rdanev29@nsw.gov.au, Female,177.189.45.88,1,262,Melonie, Giblin, Melonie Giblin, mgiblin79@artisteer.com, Female,144.157.162.251,1,312,Anthe, McGaraghan, Anthe McGaraghan, amcgaraghan8n@chicagotribune.com, Female,237.45.187.109,1,587,Reine, Castelli, Reine Castelli, rcastelliga@google.com.hk, Female,204.154.163.135,1,774,Helli, Oret, Helli Oret, horetlh@purevolume.com, Female,254.239.31.121,1,883,Martguerita, Vaen, Martguerita Vaen, mvaenoi@ehow.com, Female,152.76.8.188,1,935,Dolores, Larderot, Dolores Larderot, dlarderotpy@so-net.ne.jp, Female,125.139.17.49,1,101,Birdie, O'Lehane, Birdie O'Lehane, bolehane2s@github.com, Female,222.4.22.151,2,278,Hailee, Vause, Hailee Vause, hvause7p@infoseek.co.jp, Female,147.151.0.250,2,380,Darla, Lintott, Darla Lintott, dlintottaj@arstechnica.com, Female,130.3.185.49,2,566,Theodora, Meddemmen, Theodora Meddemmen, tmeddemmenfp@ycombinator.com, Female,4.33.61.69,2,651,Xenia, Stowgill, Xenia Stowgill, xstowgilli2@google.nl, Female,33.247.80.49,2,708,Ag, Worlock, Ag Worlock, aworlockjn@ucsd.edu, Female,108.12.40.94,2,906,Federica, Andreix, Federica Andreix, fandreixp5@pbs.org, Female,161.6.30.212,2,444,Oriana, Zorzutti, Oriana Zorzutti, ozorzutticb@merriam-webster.com, Female,49.4.177.166,3,491,Lani, Walworth, Lani Walworth, lwalworthdm@pagesperso-orange.fr, Female,3.123.241.127,3,723,Lavena, Haley, Lavena Haley, lhaleyk2@prnewswire.com, Female,133.198.1.250,3,986,Kira, Bechley, Kira Bechley, kbechleyrd@ebay.com, Female,67.80.3.106,4,62,Penelopa, Croisier, Penelopa Croisier, pcroisier1p@scribd.com, Female,162.172.12.2,5,191,Ariana, Clucas, Ariana Clucas, aclucas5a@diigo.com, Female,191.233.191.224,5,950,Lottie, Rulten, Lottie Rulten, lrultenqd@comsenz.com, Female,58.194.137.208,5,95,Tommi, Alderwick, Tommi Alderwick, talderwick2m@amazon.co.uk, Female,242.28.75.9,6,145,Mildrid, Mugford, Mildrid Mugford, mmugford40@hatena.ne.jp, Female,216.187.140.234,6,663,Gertrud, Sandaver, Gertrud Sandaver, gsandaverie@mashable.com, Female,116.135.122.214,6,839,Jany, Hinckesman, Jany Hinckesman, jhinckesmanna@bigcartel.com, Female,199.41.187.124,6,999,Jenn, Duke, Jenn Duke, jdukerq@parallels.com, Female,181.82.73.159,6,364,Otha, Duffit, Otha Duffit, oduffita3@is.gd, Female,39.34.45.47,7,945,Allsun, Mewitt, Allsun Mewitt, amewittq8@netscape.com, Female,173.157.208.177,7,158,Tammi, Healings, Tammi Healings, thealings4d@soup.io, Female,196.88.9.204,8,166,Christalle, Vescovini, Christalle Vescovini, cvescovini4l@google.ru, Female,251.191.69.8,8,337,Karlotta, Threadkell, Karlotta Threadkell, kthreadkell9c@netscape.com, Female,101.212.11.201,8,482,Ethelyn, Liddiard, Ethelyn Liddiard, eliddiarddd@umn.edu, Female,127.141.26.190,8,608,Kristyn, Adair, Kristyn Adair, kadairgv@newsvine.com, Female,64.242.152.155,8,786,Sybil, Fearnill, Sybil Fearnill, sfearnilllt@example.com, Female,225.82.65.83,8,822,Marlie, Chandler, Marlie Chandler, mchandlermt@uiuc.edu, Female,23.126.157.233,8,233,Darbie, Lamanby, Darbie Lamanby, dlamanby6g@comcast.net, Female,32.9.234.149,9,784,Teresita, Bearne, Teresita Bearne, tbearnelr@exblog.jp, Female,44.43.136.185,9,804,Ardra, Bonome, Ardra Bonome, abonomemb@amazon.co.jp, Female,248.252.241.186,9,900,Noreen, Jeppensen, Noreen Jeppensen, njeppensenoz@sakura.ne.jp, Female,207.4.201.5,9,94,Joceline, Attaway, Joceline Attaway, jattaway2l@prnewswire.com, Female,138.85.208.22,10,310,Orsa, Emanuelov, Orsa Emanuelov, oemanuelov8l@scientificamerican.com, Female,82.220.72.159,10,462,Sidonnie, Elward, Sidonnie Elward, selwardct@squidoo.com, Female,162.132.91.69,10,483,Beatrice, Rubica, Beatrice Rubica, brubicade@php.net, Female,165.102.100.91,10,565,Jacinta, Jukes, Jacinta Jukes, jjukesfo@yolasite.com, Female,233.126.136.193,10,586,Flo, Faircliff, Flo Faircliff, ffaircliffg9@mtv.com, Female,79.55.83.136,10,673,Carmelita, Ranscomb, Carmelita Ranscomb, cranscombio@163.com, Female,226.30.201.17,10,805,Jacquie, Traske, Jacquie Traske, jtraskemc@4shared.com, Female,91.26.202.234,10,943,Magdalen, Antoinet, Magdalen Antoinet, mantoinetq6@histats.com, Female,109.38.25.237,10,168,Maryanna, Cunniff, Maryanna Cunniff, mcunniff4n@nydailynews.com, Female,29.247.253.173,11,428,Doll, Hayen, Doll Hayen, dhayenbv@exblog.jp, Female,155.81.173.179,11,735,Maye, Easton, Maye Easton, meastonke@indiegogo.com, Female,151.184.160.100,11,929,Ginevra, Stannion, Ginevra Stannion, gstannionps@ow.ly, Female,38.38.246.245,11,127,Virginie, Habert, Virginie Habert, vhabert3i@jiathis.com, Female,2.195.185.55,12,331,Mandi, Matushevich, Mandi Matushevich, mmatushevich96@chicagotribune.com, Female,203.14.34.83,12,362,Johna, Halliwell, Johna Halliwell, jhalliwella1@dmoz.org, Female,107.10.118.103,12,372,Delora, McMakin, Delora McMakin, dmcmakinab@sourceforge.net, Female,85.191.35.181,12,524,Carolann, Dyott, Carolann Dyott, cdyottej@fc2.com, Female,186.12.215.114,12,571,Gerianna, Sisselot, Gerianna Sisselot, gsisselotfu@weibo.com, Female,50.40.244.231,12,832,Marta, Linck, Marta Linck, mlinckn3@huffingtonpost.com, Female,209.83.167.163,12,930,Sibyl, Bausmann, Sibyl Bausmann, sbausmannpt@deviantart.com, Female,242.68.128.78,12,25,Myrah, Tivolier, Myrah Tivolier, mtivoliero@fc2.com, Female,108.150.112.135,13,181,Sacha, Conrath, Sacha Conrath, sconrath50@soundcloud.com, Female,101.180.6.202,13,317,Dodi, Kumaar, Dodi Kumaar, dkumaar8s@sbwire.com, Female,99.35.114.182,13,620,Abbey, Sunley, Abbey Sunley, asunleyh7@devhub.com, Female,211.42.7.104,13,831,Vi, Beckett, Vi Beckett, vbeckettn2@europa.eu, Female,2.137.64.213,13,871,Ayn, Newlin, Ayn Newlin, anewlino6@wikia.com, Female,247.76.10.31,13,987,Jannel, Gepson, Jannel Gepson, jgepsonre@upenn.edu, Female,20.105.108.130,13,203,Kandy, Hogbin, Kandy Hogbin, khogbin5m@zdnet.com, Female,19.7.61.142,14,240,Arliene, Adderson, Arliene Adderson, aadderson6n@utexas.edu, Female,219.61.253.245,14,323,Tamra, Strevens, Tamra Strevens, tstrevens8y@comsenz.com, Female,120.22.215.84,14,395,Talya, Pirouet, Talya Pirouet, tpirouetay@wikimedia.org, Female,67.242.99.189,14,398,Odele, Biggerdike, Odele Biggerdike, obiggerdikeb1@geocities.jp, Female,190.111.32.37,14,464,Chloe, Elderkin, Chloe Elderkin, celderkincv@adobe.com, Female,134.170.201.226,14,807,Orel, Packer, Orel Packer, opackerme@google.pl, Female,80.223.169.208,14,939,Phedra, Raine, Phedra Raine, praineq2@nasa.gov, Female,92.49.97.19,14,241,Ethyl, Panichelli, Ethyl Panichelli, epanichelli6o@oakley.com, Female,149.95.238.125,15,263,Gretna, Cussins, Gretna Cussins, gcussins7a@mail.ru, Female,179.186.125.209,15,270,Daniella, Mattevi, Daniella Mattevi, dmattevi7h@skyrock.com, Female,17.119.128.83,15,515,Marika, Studdert, Marika Studdert, mstuddertea@friendfeed.com, Female,114.109.198.194,15,598,Juana, Lawtey, Juana Lawtey, jlawteygl@pbs.org, Female,99.255.102.25,15,746,Renae, Gravet, Renae Gravet, rgravetkp@wiley.com, Female,36.68.37.109,15,974,Shirlee, Curgenven, Shirlee Curgenven, scurgenvenr1@cloudflare.com, Female,134.168.110.60,15,173,Alyda, Twinterman, Alyda Twinterman, atwinterman4s@networkadvertising.org, Female,184.162.81.14,17,177,Concettina, Haggett, Concettina Haggett, chaggett4w@dailymotion.com, Female,200.9.15.152,17,505,Bee, Newcomb, Bee Newcomb, bnewcombe0@sitemeter.com, Female,164.52.217.138,17,607,Olly, Norsister, Olly Norsister, onorsistergu@skype.com, Female,50.245.79.59,17,667,Tasia, Coronado, Tasia Coronado, tcoronadoii@jugem.jp, Female,86.248.201.235,17,741,Stephana, Diddams, Stephana Diddams, sdiddamskk@icio.us, Female,228.71.97.172,17,421,Leese, Alaway, Leese Alaway, lalawaybo@com.com, Female,50.185.64.141,18,628,Aliza, Bufton, Aliza Bufton, abuftonhf@boston.com, Female,149.179.217.169,18,629,Nataline, O'Garmen, Nataline O'Garmen, nogarmenhg@buzzfeed.com, Female,18.248.18.36,18,843,Grace, Shugg, Grace Shugg, gshuggne@etsy.com, Female,42.39.245.84,18,979,Eden, Antonikov, Eden Antonikov, eantonikovr6@usnews.com, Female,158.206.24.157,18,321,Charlotte, Blaza, Charlotte Blaza, cblaza8w@nifty.com, Female,13.197.24.147,19,536,Amye, Shill, Amye Shill, ashillev@businessinsider.com, Female,140.48.152.48,19,615,Zola, Robbert, Zola Robbert, zrobberth2@pcworld.com, Female,86.41.196.34,19,705,Alisun, Hegden, Alisun Hegden, ahegdenjk@domainmarket.com, Female,228.236.158.204,19,18,Diandra, Philips, Diandra Philips, dphilipsh@time.com, Female,142.176.136.69,20,535,Lauree, Hrinchenko, Lauree Hrinchenko, lhrinchenkoeu@msn.com, Female,204.228.111.212,20,582,Eva, Cowpertwait, Eva Cowpertwait, ecowpertwaitg5@twitpic.com, Female,207.133.188.25,20,80,Gerta, Paulin, Gerta Paulin, gpaulin27@mediafire.com, Female,179.62.188.55,21,309,Lisbeth, Khomin, Lisbeth Khomin, lkhomin8k@reverbnation.com, Female,146.107.14.154,21,461,Jobey, Saunder, Jobey Saunder, jsaundercs@unicef.org, Female,90.9.152.226,21,740,Kyrstin, Blundel, Kyrstin Blundel, kblundelkj@omniture.com, Female,106.251.239.85,21,779,Quentin, Dowall, Quentin Dowall, qdowalllm@nifty.com, Female,97.63.113.6,21,957,Marleen, Kilmaster, Marleen Kilmaster, mkilmasterqk@soup.io, Female,11.16.114.255,21,11,Collete, Clair, Collete Clair, cclaira@miibeian.gov.cn, Female,196.212.68.11,22,144,Bernardine, Bartosinski, Bernardine Bartosinski, bbartosinski3z@over-blog.com, Female,211.179.226.142,22,796,Pattie, Roland, Pattie Roland, prolandm3@oracle.com, Female,20.176.68.132,22,951,Dulcea, De Filippo, Dulcea De Filippo, ddefilippoqe@amazon.co.jp, Female,92.219.141.173,22,208,Alfreda, Jowsey, Alfreda Jowsey, ajowsey5r@vk.com, Female,75.32.42.191,23,235,Octavia, Tortis, Octavia Tortis, otortis6i@usgs.gov, Female,4.14.250.1,23,502,Bernelle, Gaucher, Bernelle Gaucher, bgaucherdx@tripadvisor.com, Female,18.231.1.170,23,516,Stesha, Stennard, Stesha Stennard, sstennardeb@arizona.edu, Female,210.33.75.48,23,559,Vi, Wattinham, Vi Wattinham, vwattinhamfi@weather.com, Female,21.41.120.62,23,625,Imogene, Schout, Imogene Schout, ischouthc@usgs.gov, Female,106.251.138.250,23,762,Mikaela, Toon, Mikaela Toon, mtoonl5@elpais.com, Female,219.235.45.41,23,864,Windy, Suttie, Windy Suttie, wsuttienz@un.org, Female,143.246.72.127,23,969,Jordana, Lanfer, Jordana Lanfer, jlanferqw@constantcontact.com, Female,31.54.68.31,23,366,Kare, Saby, Kare Saby, ksabya5@mac.com, Female,196.50.40.97,24,435,Sibeal, Bartalucci, Sibeal Bartalucci, sbartaluccic2@wsj.com, Female,207.69.144.32,24,506,Drusilla, Saich, Drusilla Saich, dsaiche1@nbcnews.com, Female,240.43.35.250,24,808,Mirabella, Archibald, Mirabella Archibald, marchibaldmf@businessinsider.com, Female,212.233.167.112,24,888,Layne, McIlmurray, Layne McIlmurray, lmcilmurrayon@stumbleupon.com, Female,152.116.166.11,24,905,Doria, Edgson, Doria Edgson, dedgsonp4@nytimes.com, Female,14.176.202.120,24,198,Ingeberg, Whyberd, Ingeberg Whyberd, iwhyberd5h@multiply.com, Female,8.46.95.118,25,219,Fania, Roddick, Fania Roddick, froddick62@redcross.org, Female,202.149.191.131,25,410,Vida, Huish, Vida Huish, vhuishbd@usa.gov, Female,76.159.240.119,25,993,Theresa, Alu, Theresa Alu, talurk@cafepress.com, Female,217.61.229.147,25,97,Caro, Elwel, Caro Elwel, celwel2o@clickbank.net, Female,54.60.253.120,26,254,Florie, MacTrustam, Florie MacTrustam, fmactrustam71@parallels.com, Female,201.161.223.105,26,494,Shirl, Scryne, Shirl Scryne, sscrynedp@com.com, Female,210.77.243.41,26,589,Olva, Bishell, Olva Bishell, obishellgc@plala.or.jp, Female,22.63.151.64,26,648,Elnore, Smidmor, Elnore Smidmor, esmidmorhz@devhub.com, Female,65.206.228.207,26,756,Nolana, Girardini, Nolana Girardini, ngirardinikz@sakura.ne.jp, Female,72.183.32.214,26,184,Alexandra, Bahia, Alexandra Bahia, abahia53@usa.gov, Female,191.7.173.150,27,642,Nananne, Gobel, Nananne Gobel, ngobelht@drupal.org, Female,120.143.71.145,27,889,Natala, Dorey, Natala Dorey, ndoreyoo@fda.gov, Female,195.245.128.132,27,130,Lidia, Stein, Lidia Stein, lstein3l@github.io, Female,237.60.173.74,28,150,Giulia, Piscopello, Giulia Piscopello, gpiscopello45@moonfruit.com, Female,223.101.72.96,28,222,Vanna, Flowith, Vanna Flowith, vflowith65@ucsd.edu, Female,37.28.16.60,28,259,Ferne, Camsey, Ferne Camsey, fcamsey76@usatoday.com, Female,199.116.117.134,28,280,Lorain, Sandon, Lorain Sandon, lsandon7r@cafepress.com, Female,75.120.154.111,28,325,Merry, Tackett, Merry Tackett, mtackett90@thetimes.co.uk, Female,154.130.228.115,28,193,Cynde, Verrico, Cynde Verrico, cverrico5c@jigsy.com, Female,129.110.166.251,29,481,Petronilla, Chinery, Petronilla Chinery, pchinerydc@123-reg.co.uk, Female,146.157.92.245,29,849,Cayla, Ilden, Cayla Ilden, cildennk@prnewswire.com, Female,140.75.247.72,29,160,Breena, Vinas, Breena Vinas, bvinas4f@opera.com, Female,60.15.131.161,30,195,Yettie, Hexum, Yettie Hexum, yhexum5e@cbsnews.com, Female,162.124.96.41,30,555,Alexi, Ive, Alexi Ive, aivefe@tmall.com, Female,200.227.189.214,30,675,Sherilyn, Shreeve, Sherilyn Shreeve, sshreeveiq@bizjournals.com, Female,226.31.60.207,30,750,Hanna, Cribbins, Hanna Cribbins, hcribbinskt@istockphoto.com, Female,95.115.46.53,30,96,Maxine, Karp, Maxine Karp, mkarp2n@newsvine.com, Female,185.249.142.83,31,478,Joelly, Cross, Joelly Cross, jcrossd9@google.it, Female,247.12.244.131,31,850,Mirabel, Brunning, Mirabel Brunning, mbrunningnl@miibeian.gov.cn, Female,171.207.76.199,31,36,Liana, Spratley, Liana Spratley, lspratleyz@php.net, Female,53.231.101.64,32,405,Beryle, Fores, Beryle Fores, bforesb8@ocn.ne.jp, Female,83.246.148.77,32,617,Caresa, Rounsefell, Caresa Rounsefell, crounsefellh4@thetimes.co.uk, Female,46.154.232.240,32,646,Nissy, Duigenan, Nissy Duigenan, nduigenanhx@photobucket.com, Female,1.163.145.158,32,772,Noni, McGiff, Noni McGiff, nmcgifflf@alexa.com, Female,125.213.28.227,32,785,Alessandra, Acedo, Alessandra Acedo, aacedols@netscape.com, Female,207.93.214.158,32,238,Theressa, Hegg, Theressa Hegg, thegg6l@technorati.com, Female,87.171.95.93,33,350,Viv, Ravillas, Viv Ravillas, vravillas9p@pen.io, Female,114.92.56.236,33,370,Orel, Ivanuschka, Orel Ivanuschka, oivanuschkaa9@linkedin.com, Female,167.196.164.240,33,423,Ulla, Puddin, Ulla Puddin, upuddinbq@unesco.org, Female,78.23.152.198,33,563,Rhetta, Cresswell, Rhetta Cresswell, rcresswellfm@si.edu, Female,238.20.198.9,33,707,Florinda, Leadley, Florinda Leadley, fleadleyjm@techcrunch.com, Female,157.248.67.241,33,225,Farica, Varden, Farica Varden, fvarden68@usgs.gov, Female,37.206.154.77,34,511,Dulcinea, Wallice, Dulcinea Wallice, dwallicee6@toplist.cz, Female,238.66.179.100,34,685,Theodora, McLaughlan, Theodora McLaughlan, tmclaughlanj0@stumbleupon.com, Female,59.6.37.32,34,953,Sybil, Daggett, Sybil Daggett, sdaggettqg@smugmug.com, Female,101.180.229.171,34,196,Katey, Cruddace, Katey Cruddace, kcruddace5f@facebook.com, Female,11.130.213.53,35,523,Jonell, Menego, Jonell Menego, jmenegoei@sohu.com, Female,179.94.52.3,35,732,Jacinta, Tukely, Jacinta Tukely, jtukelykb@wikipedia.org, Female,80.100.38.217,35,894,Andria, Brockington, Andria Brockington, abrockingtonot@weebly.com, Female,167.232.226.179,35,85,Constanta, Grabeham, Constanta Grabeham, cgrabeham2c@mysql.com, Female,233.247.247.129,36,197,Stefanie, Braney, Stefanie Braney, sbraney5g@studiopress.com, Female,228.201.38.143,36,342,Zora, Klaussen, Zora Klaussen, zklaussen9h@pcworld.com, Female,31.34.28.87,36,427,Valida, Pitkaithly, Valida Pitkaithly, vpitkaithlybu@csmonitor.com, Female,145.70.145.208,36,438,Mellicent, Coppock., Mellicent Coppock., mcoppockc5@uiuc.edu, Female,248.181.43.89,36,569,Roby, Franck, Roby Franck, rfranckfs@thetimes.co.uk, Female,72.99.133.168,36,890,Malory, Ferneyhough, Malory Ferneyhough, mferneyhoughop@msu.edu, Female,182.99.52.178,36,901,Alvira, Tytcomb, Alvira Tytcomb, atytcombp0@tumblr.com, Female,27.67.240.209,36,983,Dacie, Cogswell, Dacie Cogswell, dcogswellra@techcrunch.com, Female,162.2.142.67,36,200,Shellie, McGloin, Shellie McGloin, smcgloin5j@sciencedirect.com, Female,86.197.253.22,37,205,Simona, Brooksbie, Simona Brooksbie, sbrooksbie5o@bigcartel.com, Female,30.121.208.15,37,354,Blisse, Jancar, Blisse Jancar, bjancar9t@fc2.com, Female,131.7.144.62,37,910,Violet, Sirey, Violet Sirey, vsireyp9@merriam-webster.com, Female,254.143.1.182,37,954,Livy, McKomb, Livy McKomb, lmckombqh@nytimes.com, Female,25.153.181.244,37,473,Suzy, Trewman, Suzy Trewman, strewmand4@discuz.net, Female,82.10.220.127,38,588,Bidget, Tillman, Bidget Tillman, btillmangb@buzzfeed.com, Female,186.217.88.140,38,611,Agatha, Taunton., Agatha Taunton., atauntongy@sun.com, Female,61.155.178.16,38,659,Othelia, Andresser, Othelia Andresser, oandresseria@huffingtonpost.com, Female,109.23.15.23,38,666,Mahalia, Smallman, Mahalia Smallman, msmallmanih@reverbnation.com, Female,172.243.120.30,38,709,Camellia, Phillippo, Camellia Phillippo, cphillippojo@merriam-webster.com, Female,78.109.172.46,38,833,Madlin, Hein, Madlin Hein, mheinn4@businessweek.com, Female,57.131.219.24,38,58,Barb, Di Maggio, Barb Di Maggio, bdimaggio1l@discuz.net, Female,255.174.31.146,39,300,Charlotta, Shellsheere, Charlotta Shellsheere, cshellsheere8b@yahoo.com, Female,158.197.45.57,39,490,Pandora, Windridge, Pandora Windridge, pwindridgedl@house.gov, Female,79.36.55.214,39,546,Ulrikaumeko, Delaprelle, Ulrikaumeko Delaprelle, udelaprellef5@51.la, Female,59.116.9.233,39,961,Shantee, Grishinov, Shantee Grishinov, sgrishinovqo@npr.org, Female,149.139.52.29,39,86,Mallorie, Strephan, Mallorie Strephan, mstrephan2d@123-reg.co.uk, Female,250.72.204.141,40,583,Kyrstin, Sellwood, Kyrstin Sellwood, ksellwoodg6@biglobe.ne.jp, Female,111.177.110.115,40,647,Tanitansy, Haithwaite, Tanitansy Haithwaite, thaithwaitehy@mediafire.com, Female,102.20.163.19,40,920,Dore, Whitney, Dore Whitney, dwhitneypj@trellian.com, Female,18.57.232.147,40,984,Karena, Stiffell, Karena Stiffell, kstiffellrb@tinypic.com, Female,164.115.93.133,40,201,Rosemary, Beton, Rosemary Beton, rbeton5k@newyorker.com, Female,138.202.48.11,41,561,Christalle, McKeighen, Christalle McKeighen, cmckeighenfk@godaddy.com, Female,135.52.133.234,41,691,Gracia, Yegorov, Gracia Yegorov, gyegorovj6@printfriendly.com, Female,255.188.86.163,41,244,Lian, Balwin, Lian Balwin, lbalwin6r@ask.com, Female,153.108.231.225,42,622,Kaia, Knappitt, Kaia Knappitt, kknappitth9@omniture.com, Female,35.64.57.25,42,693,Jonell, Oughton, Jonell Oughton, joughtonj8@bloglines.com, Female,19.168.67.208,42,131,Judye, Berling, Judye Berling, jberling3m@dailymail.co.uk, Female,13.19.168.120,43,255,Tate, Strettell, Tate Strettell, tstrettell72@weibo.com, Female,90.153.173.171,43,318,Alameda, Sevior, Alameda Sevior, asevior8t@multiply.com, Female,240.88.113.182,43,649,Suzie, Redwood, Suzie Redwood, sredwoodi0@cyberchimps.com, Female,183.64.236.196,43,718,Lorinda, Kopecka, Lorinda Kopecka, lkopeckajx@ifeng.com, Female,161.250.81.248,43,938,Dolores, Kilvington, Dolores Kilvington, dkilvingtonq1@ask.com, Female,43.145.13.102,43,117,Sadie, Langhorne, Sadie Langhorne, slanghorne38@gnu.org, Female,112.30.94.45,44,279,Madeline, Yankov, Madeline Yankov, myankov7q@ft.com, Female,205.112.140.53,44,947,Cathrine, Abelson, Cathrine Abelson, cabelsonqa@sciencedirect.com, Female,45.79.175.139,44,959,Ynez, Androli, Ynez Androli, yandroliqm@devhub.com, Female,99.72.250.223,44,141,Margit, Topham, Margit Topham, mtopham3w@yellowpages.com, Female,32.251.174.12,45,167,Rennie, Dalgarnowch, Rennie Dalgarnowch, rdalgarnowch4m@jimdo.com, Female,106.57.87.149,45,316,Netta, Sawkins, Netta Sawkins, nsawkins8r@techcrunch.com, Female,32.137.227.129,45,377,Gisella, Sleany, Gisella Sleany, gsleanyag@freewebs.com, Female,178.120.102.194,45,426,Yolanthe, Hobbing, Yolanthe Hobbing, yhobbingbt@bizjournals.com, Female,184.165.138.65,45,551,Adah, Roughey, Adah Roughey, arougheyfa@nps.gov, Female,147.5.69.46,45,656,Anna-diane, Queyeiro, Anna-diane Queyeiro, aqueyeiroi7@bing.com, Female,217.233.178.154,45,866,Lacee, MacGilfoyle, Lacee MacGilfoyle, lmacgilfoyleo1@washington.edu, Female,71.94.125.181,45,215,Janette, Aron, Janette Aron, jaron5y@netvibes.com, Female,242.72.31.100,46,242,Petronia, MacCallister, Petronia MacCallister, pmaccallister6p@hubpages.com, Female,43.2.241.204,46,243,Bette-ann, Kuhlen, Bette-ann Kuhlen, bkuhlen6q@narod.ru, Female,85.172.228.100,46,560,Jacquette, Hares, Jacquette Hares, jharesfj@nationalgeographic.com, Female,163.249.77.139,46,781,Cybil, Cozzi, Cybil Cozzi, ccozzilo@admin.ch, Female,60.218.65.113,46,70,Kaylee, Chadwin, Kaylee Chadwin, kchadwin1x@yale.edu, Female,254.245.33.169,47,639,Querida, Pratchett, Querida Pratchett, qpratchetthq@amazon.com, Female,152.185.136.212,47,712,Astrid, Merriott, Astrid Merriott, amerriottjr@theatlantic.com, Female,144.44.249.69,47,880,Irma, Nodes, Irma Nodes, inodesof@ebay.com, Female,159.147.200.228,47,234,Cookie, Eilhersen, Cookie Eilhersen, ceilhersen6h@nasa.gov, Female,246.130.236.118,48,358,Ciel, McLinden, Ciel McLinden, cmclinden9x@earthlink.net, Female,39.104.12.77,48,397,Danell, Neicho, Danell Neicho, dneichob0@photobucket.com, Female,14.236.197.37,48,149,Helyn, Arnatt, Helyn Arnatt, harnatt44@github.io, Female,245.227.224.158,49,479,Harriette, Tallant, Harriette Tallant, htallantda@upenn.edu, Female,255.30.200.43,49,533,Corena, Linfitt, Corena Linfitt, clinfittes@answers.com, Female,85.239.179.148,49,548,Ashleigh, Crain, Ashleigh Crain, acrainf7@wordpress.org, Female,245.197.251.124,49,896,Kelli, Garroch, Kelli Garroch, kgarrochov@ox.ac.uk, Female,10.95.219.74,49,994,Toni, Hares, Toni Hares, tharesrl@smh.com.au, Female,59.73.139.82,49,129,Layney, Shard, Layney Shard, lshard3k@elegantthemes.com, Female,123.125.171.8,50,489,Beatrice, Woodsford, Beatrice Woodsford, bwoodsforddk@flavors.me, Female,48.233.240.108,50,766,Corrina, Girke, Corrina Girke, cgirkel9@nba.com, Female,136.173.131.93,50,17,Carree, Janca, Carree Janca, cjancag@netscape.com, Female,217.70.80.164,51,20,Ilse, St. Queintain, Ilse St. Queintain, istqueintainj@yale.edu, Female,208.40.252.7,51,105,Cosette, Hurche, Cosette Hurche, churche2w@histats.com, Female,127.48.60.15,51,175,Kristy, Logg, Kristy Logg, klogg4u@goo.ne.jp, Female,107.73.56.54,51,430,Aila, Colenutt, Aila Colenutt, acolenuttbx@earthlink.net, Female,72.141.157.35,51,517,Kerrie, Rigmand, Kerrie Rigmand, krigmandec@ebay.com, Female,48.91.122.60,51,525,Orelee, Fyers, Orelee Fyers, ofyersek@multiply.com, Female,146.51.159.12,51,627,Malia, McClunaghan, Malia McClunaghan, mmcclunaghanhe@shinystat.com, Female,27.14.55.3,51,706,Barrie, Trevorrow, Barrie Trevorrow, btrevorrowjl@so-net.ne.jp, Female,77.189.182.99,51,793,Raeann, Sedgebeer, Raeann Sedgebeer, rsedgebeerm0@prlog.org, Female,198.49.182.72,51,812,Alison, Apthorpe, Alison Apthorpe, aapthorpemj@nationalgeographic.com, Female,188.99.53.132,51,140,Carmine, Dewfall, Carmine Dewfall, cdewfall3v@gnu.org, Female,123.224.12.7,52,258,Brietta, Zanutti, Brietta Zanutti, bzanutti75@de.vu, Female,7.222.54.197,52,389,Gussy, Betteriss, Gussy Betteriss, gbetterissas@posterous.com, Female,94.31.185.110,52,537,Mala, Showte, Mala Showte, mshowteew@youtu.be, Female,104.201.138.131,52,568,Tamarra, Featonby, Tamarra Featonby, tfeatonbyfr@themeforest.net, Female,177.165.184.177,52,678,Xena, Grissett, Xena Grissett, xgrissettit@ameblo.jp, Female,18.124.252.57,52,770,Staci, Glyde, Staci Glyde, sglydeld@topsy.com, Female,90.241.189.204,52,204,Collen, Aubin, Collen Aubin, caubin5n@ebay.co.uk, Female,203.113.255.3,53,257,Jasmin, Dabner, Jasmin Dabner, jdabner74@joomla.org, Female,126.6.2.65,53,510,Charlotte, Bartolomieu, Charlotte Bartolomieu, cbartolomieue5@kickstarter.com, Female,20.223.215.254,53,597,Alexandrina, De Meis, Alexandrina De Meis, ademeisgk@wsj.com, Female,30.29.160.104,53,755,Merci, Brien, Merci Brien, mbrienky@xrea.com, Female,120.207.204.94,53,768,Saudra, Fattore, Saudra Fattore, sfattorelb@umich.edu, Female,163.166.83.1,53,420,Tersina, Bene, Tersina Bene, tbenebn@wsj.com, Female,26.84.25.7,54,992,Nessie, Siggens, Nessie Siggens, nsiggensrj@springer.com, Female,218.211.43.112,55,23,Shani, Penketh, Shani Penketh, spenkethm@mit.edu, Female,84.73.43.204,56,288,Essie, Spiers, Essie Spiers, espiers7z@google.nl, Female,8.32.246.22,56,621,Terrie, Cranham, Terrie Cranham, tcranhamh8@ibm.com, Female,106.185.85.129,56,650,Gunilla, Graveston, Gunilla Graveston, ggravestoni1@diigo.com, Female,212.57.101.199,56,767,Gerianna, Doman, Gerianna Doman, gdomanla@gizmodo.com, Female,95.143.71.122,56,108,Maryellen, Philpin, Maryellen Philpin, mphilpin2z@t-online.de, Female,210.122.250.152,57,178,Bette, Polgreen, Bette Polgreen, bpolgreen4x@army.mil, Female,117.197.62.61,57,460,Dori, Rieger, Dori Rieger, driegercr@tmall.com, Female,77.190.74.157,57,837,Elysha, Wardroper, Elysha Wardroper, ewardropern8@163.com, Female,108.126.184.218,57,933,Lena, Edgley, Lena Edgley, ledgleypw@indiegogo.com, Female,206.7.234.107,57,161,Lonni, Swadlen, Lonni Swadlen, lswadlen4g@liveinternet.ru, Female,175.44.228.80,58,223,Clementine, Redwin, Clementine Redwin, credwin66@psu.edu, Female,148.169.19.56,58,332,Happy, Patria, Happy Patria, hpatria97@xing.com, Female,226.33.159.104,58,335,Van, Barff, Van Barff, vbarff9a@utexas.edu, Female,152.101.160.78,58,352,Gwendolen, Haw, Gwendolen Haw, ghaw9r@blinklist.com, Female,3.164.159.121,58,838,Xaviera, Nizard, Xaviera Nizard, xnizardn9@walmart.com, Female,161.201.43.145,58,151,Jessika, Fullicks, Jessika Fullicks, jfullicks46@nsw.gov.au, Female,115.50.250.37,59,329,Trudy, Lemasney, Trudy Lemasney, tlemasney94@phoca.cz, Female,72.184.154.14,59,359,Emlynne, Neathway, Emlynne Neathway, eneathway9y@google.pl, Female,135.19.168.129,59,122,Yalonda, Romer, Yalonda Romer, yromer3d@washington.edu, Female,244.156.114.224,60,136,Laurianne, Dutteridge, Laurianne Dutteridge, ldutteridge3r@eepurl.com, Female,80.185.83.166,60,609,Gladi, Zaniolini, Gladi Zaniolini, gzaniolinigw@go.com, Female,106.6.172.227,60,727,Jorey, Augustus, Jorey Augustus, jaugustusk6@devhub.com, Female,127.63.49.102,60,24,Lucila, Gandar, Lucila Gandar, lgandarn@exblog.jp, Female,101.95.18.220,61,509,Dela, Bedingfield, Dela Bedingfield, dbedingfielde4@goo.gl, Female,102.17.251.128,61,557,Sonnie, Worthing, Sonnie Worthing, sworthingfg@dot.gov, Female,3.15.126.112,61,425,Katlin, De Few, Katlin De Few, kdefewbs@g.co, Female,64.225.50.88,62,618,Rosaline, Oliffe, Rosaline Oliffe, roliffeh5@wsj.com, Female,161.52.8.78,62,664,Winny, Andreini, Winny Andreini, wandreiniif@lycos.com, Female,124.135.11.61,62,757,Evvy, Brehault, Evvy Brehault, ebrehaultl0@usa.gov, Female,186.20.27.52,62,815,Nerita, Gumby, Nerita Gumby, ngumbymm@nba.com, Female,1.88.102.224,62,981,Cathi, Tezure, Cathi Tezure, ctezurer8@123-reg.co.uk, Female,103.63.25.208,62,91,Marcia, Colin, Marcia Colin, mcolin2i@cocolog-nifty.com, Female,187.205.248.18,63,334,Faydra, Outhwaite, Faydra Outhwaite, fouthwaite99@sbwire.com, Female,180.77.235.32,63,626,Livvyy, Drabble, Livvyy Drabble, ldrabblehd@telegraph.co.uk, Female,185.55.225.29,63,29,Gisela, Scrivener, Gisela Scrivener, gscriveners@exblog.jp, Female,123.3.147.142,64,59,Jaclyn, Ebsworth, Jaclyn Ebsworth, jebsworth1m@elegantthemes.com, Female,57.29.77.134,64,106,Polly, Hartles, Polly Hartles, phartles2x@about.com, Female,197.169.124.25,64,282,Xaviera, Pithie, Xaviera Pithie, xpithie7t@bloglovin.com, Female,146.118.44.144,64,513,Elsie, Flinn, Elsie Flinn, eflinne8@amazon.co.uk, Female,193.105.177.155,64,760,Riki, Sweeney, Riki Sweeney, rsweeneyl3@jalbum.net, Female,134.200.200.180,64,942,Martina, Seery, Martina Seery, mseeryq5@linkedin.com, Female,202.116.7.217,64,496,Darb, Kleinhaut, Darb Kleinhaut, dkleinhautdr@vkontakte.ru, Female,153.30.69.26,65,668,Rosana, Gresswood, Rosana Gresswood, rgresswoodij@squidoo.com, Female,183.159.37.231,65,788,Brenda, Braams, Brenda Braams, bbraamslv@google.com.hk, Female,39.105.100.88,65,411,Lea, Denslow, Lea Denslow, ldenslowbe@wordpress.org, Female,26.104.23.54,66,153,Leilah, Stern, Leilah Stern, lstern48@virginia.edu, Female,152.124.226.142,67,311,Agatha, Mains, Agatha Mains, amains8m@amazonaws.com, Female,185.246.148.71,67,388,Veronika, Klarzynski, Veronika Klarzynski, vklarzynskiar@yale.edu, Female,23.230.42.60,67,412,Patrizia, Deegin, Patrizia Deegin, pdeeginbf@opera.com, Female,186.252.7.209,67,765,Deny, Hovey, Deny Hovey, dhoveyl8@dot.gov, Female,176.168.2.67,67,782,Marianne, Mathan, Marianne Mathan, mmathanlp@mtv.com, Female,246.162.45.70,67,803,Neely, Tolussi, Neely Tolussi, ntolussima@joomla.org, Female,91.221.215.39,67,836,Clovis, Ciobotaro, Clovis Ciobotaro, cciobotaron7@prweb.com, Female,12.127.65.226,67,46,Tessy, Petto, Tessy Petto, tpetto19@simplemachines.org, Female,190.122.222.140,68,322,Layney, Pickford, Layney Pickford, lpickford8x@mozilla.com, Female,116.90.249.194,68,925,Elsie, Burgane, Elsie Burgane, eburganepo@mtv.com, Female,8.245.116.116,68,170,Justinn, Vereker, Justinn Vereker, jvereker4p@europa.eu, Female,85.91.177.29,69,237,Lotte, Kayser, Lotte Kayser, lkayser6k@reuters.com, Female,254.5.228.39,69,599,Cinda, Osgar, Cinda Osgar, cosgargm@unicef.org, Female,52.232.92.163,69,635,Tate, Dubble, Tate Dubble, tdubblehm@about.com, Female,195.96.27.198,69,714,Audrye, Djurdjevic, Audrye Djurdjevic, adjurdjevicjt@yelp.com, Female,200.108.25.138,69,726,Julienne, Frosch, Julienne Frosch, jfroschk5@webeden.co.uk, Female,15.78.97.111,69,915,Danyette, Ffrench, Danyette Ffrench, dffrenchpe@disqus.com, Female,19.235.177.197,69,3,Flor, Croxon, Flor Croxon, fcroxon2@smh.com.au, Female,131.33.5.201,70,125,Aeriell, Yakovitch, Aeriell Yakovitch, ayakovitch3g@businesswire.com, Female,239.146.223.236,70,269,Mirella, Lysons, Mirella Lysons, mlysons7g@google.com.br, Female,171.37.29.147,70,308,Sacha, Skamal, Sacha Skamal, sskamal8j@slashdot.org, Female,96.241.233.99,70,759,Lesli, Hiley, Lesli Hiley, lhileyl2@hud.gov, Female,44.138.96.147,70,810,Kelsey, Benedicto, Kelsey Benedicto, kbenedictomh@qq.com, Female,1.185.55.16,71,908,Bella, Kinnen, Bella Kinnen, bkinnenp7@skype.com, Female,75.111.63.17,71,111,Maryjane, Antrum, Maryjane Antrum, mantrum32@microsoft.com, Female,37.86.126.64,72,552,Leann, Wilmott, Leann Wilmott, lwilmottfb@theglobeandmail.com, Female,215.184.9.161,72,777,Gladys, Santhouse, Gladys Santhouse, gsanthouselk@clickbank.net, Female,69.225.136.91,72,344,Audie, Kits, Audie Kits, akits9j@printfriendly.com, Female,111.168.175.144,73,940,Mirilla, Gaitskill, Mirilla Gaitskill, mgaitskillq3@google.ca, Female,145.103.41.168,73,996,Teddy, Wahncke, Teddy Wahncke, twahnckern@patch.com, Female,106.160.185.255,73,93,Sheena, Shepley, Sheena Shepley, sshepley2k@so-net.ne.jp, Female,235.218.213.180,74,612,Isobel, Blunkett, Isobel Blunkett, iblunkettgz@nbcnews.com, Female,29.220.75.44,74,682,Ardelia, Washington, Ardelia Washington, awashingtonix@vk.com, Female,241.95.193.154,74,704,Verena, Tizzard, Verena Tizzard, vtizzardjj@ucoz.ru, Female,187.137.16.212,74,877,Charmane, Wabersinke, Charmane Wabersinke, cwabersinkeoc@pcworld.com, Female,8.41.212.233,74,47,Kelsy, Pandie, Kelsy Pandie, kpandie1a@sogou.com, Female,153.240.153.128,75,220,Gabriela, Reddoch, Gabriela Reddoch, greddoch63@storify.com, Female,131.231.153.246,75,271,Nita, Parsons, Nita Parsons, nparsons7i@cbc.ca, Female,33.134.148.186,75,273,Pavia, Ellicott, Pavia Ellicott, pellicott7k@xinhuanet.com, Female,62.251.35.135,76,841,Christyna, Orris, Christyna Orris, corrisnc@webmd.com, Female,19.125.255.188,76,146,Dyna, Stidworthy, Dyna Stidworthy, dstidworthy41@geocities.jp, Female,71.220.93.220,77,252,Antonietta, Lomasna, Antonietta Lomasna, alomasna6z@sciencedirect.com, Female,35.166.143.168,77,553,Lorry, Staite, Lorry Staite, lstaitefc@reference.com, Female,59.187.225.150,77,800,Joyce, Caves, Joyce Caves, jcavesm7@webmd.com, Female,54.99.148.38,77,829,Drona, Dubois, Drona Dubois, dduboisn0@pcworld.com, Female,183.154.147.250,77,912,Adelina, Guiduzzi, Adelina Guiduzzi, aguiduzzipb@ucsd.edu, Female,154.244.210.16,77,147,Gertrude, Schankel, Gertrude Schankel, gschankel42@t-online.de, Female,92.26.64.238,78,378,Juliane, Constant, Juliane Constant, jconstantah@tamu.edu, Female,79.18.9.177,78,103,Golda, Ferrar, Golda Ferrar, gferrar2u@imdb.com, Female,183.108.82.193,79,455,Joeann, Firle, Joeann Firle, jfirlecm@oracle.com, Female,3.135.111.150,79,660,Abbie, Munroe, Abbie Munroe, amunroeib@howstuffworks.com, Female,223.149.109.152,79,733,Adriana, Netting, Adriana Netting, anettingkc@latimes.com, Female,87.55.237.6,79,844,Berny, Stable, Berny Stable, bstablenf@nyu.edu, Female,227.160.62.238,79,982,Marena, Skellington, Marena Skellington, mskellingtonr9@hexun.com, Female,184.56.161.126,79,437,Germaine, Landsbury, Germaine Landsbury, glandsburyc4@parallels.com, Female,124.137.239.146,80,769,May, Sandiford, May Sandiford, msandifordlc@ucsd.edu, Female,232.136.54.66,80,934,Claudia, Gore, Claudia Gore, cgorepx@nhs.uk, Female,75.140.62.80,80,164,Xenia, Seabrook, Xenia Seabrook, xseabrook4j@icq.com, Female,121.64.223.185,81,990,Roselia, Gaw, Roselia Gaw, rgawrh@reddit.com, Female,83.249.93.102,81,52,Chicky, Pyle, Chicky Pyle, cpyle1f@wiley.com, Female,111.201.127.240,82,527,Darelle, Winwright, Darelle Winwright, dwinwrightem@liveinternet.ru, Female,207.175.18.121,82,754,Deirdre, Andresen, Deirdre Andresen, dandresenkx@gravatar.com, Female,224.155.219.25,82,874,Lynn, Ivic, Lynn Ivic, livico9@yandex.ru, Female,202.39.75.86,82,876,Rosmunda, Thumnel, Rosmunda Thumnel, rthumnelob@dot.gov, Female,111.200.91.84,82,948,Elana, Outerbridge, Elana Outerbridge, eouterbridgeqb@yelp.com, Female,94.220.240.125,82,22,Sharyl, Seely, Sharyl Seely, sseelyl@wunderground.com, Female,232.152.6.85,83,392,Ema, Fairfoull, Ema Fairfoull, efairfoullav@cocolog-nifty.com, Female,94.41.34.200,83,436,Corrie, Esselin, Corrie Esselin, cesselinc3@mit.edu, Female,143.255.247.189,83,449,Berta, Alaway, Berta Alaway, balawaycg@nature.com, Female,86.27.154.149,83,778,Modesta, Giovannini, Modesta Giovannini, mgiovanninill@cyberchimps.com, Female,21.0.163.54,83,922,Auria, Blagburn, Auria Blagburn, ablagburnpl@webmd.com, Female,131.159.113.105,83,878,Roana, Jenson, Roana Jenson, rjensonod@tinyurl.com, Female,192.90.51.44,84,968,Kerrill, Russon, Kerrill Russon, krussonqv@networkadvertising.org, Female,249.169.3.164,84,121,Lianne, Ogborne, Lianne Ogborne, logborne3c@howstuffworks.com, Female,138.236.170.106,85,407,Christina, Marquess, Christina Marquess, cmarquessba@si.edu, Female,183.148.58.176,85,468,Gipsy, Bahls, Gipsy Bahls, gbahlscz@usgs.gov, Female,173.206.201.51,85,613,Muire, Hardisty, Muire Hardisty, mhardistyh0@surveymonkey.com, Female,148.235.150.37,85,885,Carleen, Casina, Carleen Casina, ccasinaok@ftc.gov, Female,9.200.62.161,85,346,Berty, Yare, Berty Yare, byare9l@lulu.com, Female,140.133.182.193,86,429,Mabel, Dawidman, Mabel Dawidman, mdawidmanbw@rediff.com, Female,61.226.138.255,86,465,Maxy, Kennady, Maxy Kennady, mkennadycw@yolasite.com, Female,245.161.169.229,86,554,Morgana, Whiteland, Morgana Whiteland, mwhitelandfd@w3.org, Female,157.20.144.134,86,580,Enrica, Seint, Enrica Seint, eseintg3@51.la, Female,54.97.222.241,86,654,Doti, McTeague, Doti McTeague, dmcteaguei5@phpbb.com, Female,241.179.27.188,86,897,Chrystal, Flaonier, Chrystal Flaonier, cflaonierow@sogou.com, Female,255.103.39.53,86,21,Francene, Roget, Francene Roget, frogetk@blogger.com, Female,192.170.141.103,87,376,Jaclin, Janeczek, Jaclin Janeczek, jjaneczekaf@bigcartel.com, Female,85.126.63.178,87,480,Stace, Dragge, Stace Dragge, sdraggedb@purevolume.com, Female,250.218.41.215,87,614,Suzann, Crowd, Suzann Crowd, scrowdh1@uol.com.br, Female,101.144.171.203,87,84,Riki, Daffey, Riki Daffey, rdaffey2b@drupal.org, Female,254.65.204.202,88,87,Gwen, Cejka, Gwen Cejka, gcejka2e@blinklist.com, Female,168.77.109.88,88,182,Carol, Bielfelt, Carol Bielfelt, cbielfelt51@shareasale.com, Female,204.120.183.3,88,452,Alta, Huston, Alta Huston, ahustoncj@addtoany.com, Female,120.199.65.22,88,530,Ardra, Divell, Ardra Divell, adivellep@blogtalkradio.com, Female,52.47.190.255,88,640,Kyla, Volonte, Kyla Volonte, kvolontehr@samsung.com, Female,32.79.209.157,88,736,Alexis, Jammet, Alexis Jammet, ajammetkf@php.net, Female,231.110.99.221,88,74,Micheline, Amiss, Micheline Amiss, mamiss21@toplist.cz, Female,225.10.33.75,89,253,Sam, Erangey, Sam Erangey, serangey70@sciencedirect.com, Female,68.26.240.22,89,634,Carmella, Middle, Carmella Middle, cmiddlehl@cyberchimps.com, Female,117.30.228.24,89,142,Dinah, Raithbie, Dinah Raithbie, draithbie3x@cornell.edu, Female,235.127.2.65,90,520,Marketa, Chinnery, Marketa Chinnery, mchinneryef@dion.ne.jp, Female,225.49.123.250,90,677,Faustina, Thurgood, Faustina Thurgood, fthurgoodis@lulu.com, Female,248.217.186.60,90,730,Calida, Ollier, Calida Ollier, collierk9@dedecms.com, Female,148.131.235.196,90,848,Joline, Liverock, Joline Liverock, jliverocknj@hostgator.com, Female,133.9.118.69,90,79,Ariana, Drayton, Ariana Drayton, adrayton26@usnews.com, Female,107.113.93.152,91,92,Gabie, Yousef, Gabie Yousef, gyousef2j@google.nl, Female,60.242.111.107,91,251,Blaire, Ree, Blaire Ree, bree6y@ehow.com, Female,235.109.53.132,91,385,Annie, Beasleigh, Annie Beasleigh, abeasleighao@oakley.com, Female,60.215.202.220,91,475,Bertie, Seebright, Bertie Seebright, bseebrightd6@comcast.net, Female,76.246.122.126,91,684,Chiquia, Trudgian, Chiquia Trudgian, ctrudgianiz@oracle.com, Female,77.213.108.254,91,110,Tamra, Elphee, Tamra Elphee, telphee31@omniture.com, Female,133.231.111.142,92,799,Katey, Brasner, Katey Brasner, kbrasnerm6@sakura.ne.jp, Female,104.109.40.67,92,997,Rosemary, Wooderson, Rosemary Wooderson, rwoodersonro@theglobeandmail.com, Female,175.114.208.214,92,206,Carlita, Guslon, Carlita Guslon, cguslon5p@geocities.com, Female,0.184.87.148,93,210,Georgena, Eglise, Georgena Eglise, geglise5t@uiuc.edu, Female,159.176.193.8,93,239,Quintilla, Barstowk, Quintilla Barstowk, qbarstowk6m@jigsy.com, Female,206.209.58.204,93,895,Jilli, Luty, Jilli Luty, jlutyou@istockphoto.com, Female,201.15.24.212,93,2,Florette, Ayliffe, Florette Ayliffe, fayliffe1@dailymail.co.uk, Female,40.50.155.95,94,261,Janis, Hanwell, Janis Hanwell, jhanwell78@newyorker.com, Female,239.50.79.203,94,375,Gusti, Cokely, Gusti Cokely, gcokelyae@apache.org, Female,89.118.200.1,94,448,Merissa, Proschek, Merissa Proschek, mproschekcf@soundcloud.com, Female,1.222.145.182,94,544,Shandeigh, Pinnigar, Shandeigh Pinnigar, spinnigarf3@imageshack.us, Female,125.124.26.138,94,738,Eda, Capnerhurst, Eda Capnerhurst, ecapnerhurstkh@trellian.com, Female,47.36.84.124,94,187,Tabby, Cassells, Tabby Cassells, tcassells56@virginia.edu, Female,22.169.31.30,95,188,Diane, Fomichkin, Diane Fomichkin, dfomichkin57@hc360.com, Female,103.165.201.59,95,216,Elinor, Benneton, Elinor Benneton, ebenneton5z@google.nl, Female,51.23.131.200,95,313,De, Jope, De Jope, djope8o@exblog.jp, Female,22.111.32.5,95,495,Nataline, McGinney, Nataline McGinney, nmcginneydq@ning.com, Female,83.86.186.6,95,604,Shelley, McCreedy, Shelley McCreedy, smccreedygr@wufoo.com, Female,241.123.88.227,95,775,Nertie, Curee, Nertie Curee, ncureeli@yelp.com, Female,12.44.51.180,95,847,Romonda, Glenfield, Romonda Glenfield, rglenfieldni@linkedin.com, Female,29.248.42.92,95,926,Lebbie, Shipley, Lebbie Shipley, lshipleypp@thetimes.co.uk, Female,121.167.37.69,95,39,Lenore, Dangl, Lenore Dangl, ldangl12@deliciousdays.com, Female,24.166.78.204,96,68,Charmine, Towndrow, Charmine Towndrow, ctowndrow1v@vinaora.com, Female,212.62.144.104,96,89,Maritsa, Jolland, Maritsa Jolland, mjolland2g@com.com, Female,0.111.143.33,96,299,Aigneis, Shaxby, Aigneis Shaxby, ashaxby8a@discuz.net, Female,252.166.68.49,96,764,Cleo, Wickens, Cleo Wickens, cwickensl7@yolasite.com, Female,123.31.119.189,96,899,Cariotta, Burch, Cariotta Burch, cburchoy@ox.ac.uk, Female,20.22.177.51,96,41,Fey, Reace, Fey Reace, freace14@devhub.com, Female,191.213.201.198,97,90,Ivonne, O'Collopy, Ivonne O'Collopy, iocollopy2h@g.co, Female,44.52.47.199,97,118,Rasla, Sumbler, Rasla Sumbler, rsumbler39@wordpress.org, Female,120.206.38.47,97,165,Liva, Oddboy, Liva Oddboy, loddboy4k@dot.gov, Female,151.54.214.221,97,221,Raf, Haversham, Raf Haversham, rhaversham64@amazonaws.com, Female,249.144.108.153,97,294,Sada, Bradly, Sada Bradly, sbradly85@cocolog-nifty.com, Female,27.19.17.87,97,333,Linea, Glasman, Linea Glasman, lglasman98@drupal.org, Female,103.129.24.233,97,463,Kelcy, Hasslocher, Kelcy Hasslocher, khasslochercu@shop-pro.jp, Female,55.228.167.60,97,522,Melantha, Cardo, Melantha Cardo, mcardoeh@google.nl, Female,109.250.122.88,97,542,Lyndy, Brodbin, Lyndy Brodbin, lbrodbinf1@vk.com, Female,202.45.117.154,97,967,Denice, Wildin, Denice Wildin, dwildinqu@foxnews.com, Female,252.48.79.235,97,390,Deirdre, Liverseege, Deirdre Liverseege, dliverseegeat@behance.net, Female,241.57.205.248,99,638,Lia, Arkle, Lia Arkle, larklehp@slate.com, Female,196.237.191.119,99,697,Patience, Skellion, Patience Skellion, pskellionjc@example.com, Female,187.68.156.15,99,319,Vivie, Pettecrew, Vivie Pettecrew, vpettecrew8u@elpais.com, Female,111.237.66.29,100,374,Moll, Petcher, Moll Petcher, mpetcherad@istockphoto.com, Female,237.64.183.163,100,501,Willabella, Coston, Willabella Coston, wcostondw@1und1.de, Female,205.55.117.76,100,821,Cherilynn, Hayhow, Cherilynn Hayhow, chayhowms@elpais.com, Female,243.57.178.48,100,,undefined, undefined, undefined undefined, undefined, undefined,undefined,undefined,